{
  "name": "stringToSlug",
  "version": "2.1.0",
  "title": "jQuery Plugin stringToSlug",
  "description": "The stringToSlug converts any string to SLUG PERMALINK according unicode.org in most of Languages using special chars or not ())",
  "keywords": [
    "permalink",
    "string",
    "text",
    "slug",
    "convert",
    "transform",
    "generate",
    "sanitize",
    "unicode",
    "encode",
    "latin",
    "chars"
  ],
  "author": {
    "name": "Leo Caseiro",
    "url": "http://leocaseiro.com.br/"
  },
  "licenses": [
    {
      "type": "MIT",
      "url": "http://opensource.org/licenses/MIT"
    }
  ],
  "bugs": "https://github.com/leocaseiro/jQuery-Plugin-stringToSlug/issues",
  "homepage": "http://leocaseiro.github.io/jQuery-Plugin-stringToSlug/",
  "docs": "http://leocaseiro.github.io/jQuery-Plugin-stringToSlug/",
  "download": "https://github.com/leocaseiro/jQuery-Plugin-stringToSlug/archive/2.1.0.zip",
  "dependencies": {
    "jquery": ">=1.2.2"
  }
}
